,Country,Movies Total
0,Afghanistan,4
1,Albania,5
2,Algeria,4
3,Angola,1
4,Argentina,106
5,Armenia,4
6,Aruba,1
7,Australia,321
8,Austria,48
9,Azerbaijan,1
10,Bahamas,5
11,Bahrain,1
12,Bangladesh,8
13,Belarus,5
14,Belgium,151
15,Bermuda,1
16,Bolivia,3
17,Botswana,1
18,Brazil,64
19,Bulgaria,29
20,Burundi,1
21,Cambodia,11
22,Cameroon,2
23,Canada,1117
24,Cayman Islands,4
25,Chad,1
26,Chile,22
27,China,404
28,Colombia,35
29,Congo,4
30,Costa Rica,2
31,Croatia,14
32,Cuba,4
33,Cyprus,2
34,Czechoslovakia,4
35,Denmark,113
36,Djibouti,2
37,Dominican Republic,6
38,Ecuador,5
39,Egypt,50
40,El Salvador,1
41,Estonia,8
42,Ethiopia,5
43,Finland,40
44,France,741
45,Georgia,7
46,Germany,567
47,Ghana,6
48,Greece,32
49,Guam,1
50,Guatemala,12
51,Haiti,5
52,Honduras,2
53,Hungary,35
54,Iceland,25
55,India,1157
56,Indonesia,56
57,Iran,15
58,Iraq,6
59,Ireland,128
60,Israel,79
61,Italy,417
62,Jamaica,4
63,Japan,266
64,Jordan,9
65,Kazakhstan,5
66,Kenya,12
67,Korea,1
68,Kosovo,1
69,Kuwait,1
70,Kyrgyzstan,2
71,Laos,1
72,Latvia,7
73,Lebanon,10
74,Liberia,3
75,Libya,3
76,Liechtenstein,1
77,Lithuania,9
78,Luxembourg,27
79,Macao,1
80,Malawi,2
81,Malaysia,20
82,Mali,2
83,Malta,4
84,Mexico,183
85,Moldova,1
86,Monaco,8
87,Mongolia,2
88,Montenegro,3
89,Morocco,12
90,Mozambique,3
91,Namibia,3
92,Nepal,5
93,Netherlands,116
94,New Zealand,60
95,Nicaragua,3
96,Nigeria,25
97,Norway,56
98,Oman,1
99,Pakistan,25
100,Palestine,8
101,Panama,5
102,Papua New Guinea,2
103,Paraguay,2
104,Peru,21
105,Philippines,94
106,Poland,63
107,Portugal,21
108,Qatar,13
109,Reunion,1
110,Romania,41
111,Russia,62
112,Rwanda,6
113,Saudi Arabia,4
114,Senegal,5
115,Serbia,11
116,Sierra Leone,1
117,Singapore,29
118,Slovakia,8
119,Slovenia,8
120,Somalia,3
121,South Africa,85
122,South Korea,162
123,Spain,329
124,Sri Lanka,3
125,Sudan,2
126,Swaziland,1
127,Sweden,118
128,Switzerland,76
129,Syria,10
130,Taiwan,80
131,Tajikistan,1
132,Tanzania,2
133,Thailand,64
134,Tonga,1
135,Tunisia,6
136,Turkey,88
137,Uganda,4
138,Ukraine,16
139,United Arab Emirates,43
140,United Kingdom,1712
141,United States,10485
142,Uruguay,17
143,Vanuatu,1
144,Venezuela,7
145,Vietnam,4
146,Yemen,1
147,Yugoslavia,13
148,Zambia,1
149,Zimbabwe,1
